user_id,name,age,gender,location,signup_date,subscription_plan,device_type
1,Garald Pryn,45,Genderqueer,China,7/12/2015,basic,Desktop
2,Rochester Beaston,64,Male,Tanzania,8/23/2020,basic,Mobile
3,Rakel Piwall,40,Female,Poland,2/21/2022,premium,Mobile
4,Ferdinand Veljes,100,Male,Latvia,4/10/2017,premium,Mobile
5,Kim Gascone,34,Male,Sweden,1/16/2019,premium,Tablet
6,Yul Buckoke,26,Male,Nigeria,3/18/2021,basic,Tablet
7,Dinnie Stafford,80,Bigender,Bangladesh,11/25/2015,premium,Tablet
8,Zacherie O'Henecan,100,Male,Panama,12/12/2021,basic,Laptop
9,Farlay Pottberry,49,Male,Brazil,6/18/2020,premium,Tablet
10,Cyndie Gawkroge,34,Female,China,11/9/2020,premium,Desktop
11,Abelard Mordanti,42,Male,Vietnam,10/27/2018,premium,Tablet
12,Cinnamon Pesticcio,20,Female,China,4/10/2015,premium,Mobile
13,Buiron Tregent,24,Male,Luxembourg,3/30/2020,premium,Mobile
14,Ettore Stadden,79,Male,Argentina,7/17/2021,premium,Mobile
15,Lin Willshear,97,Male,Honduras,5/14/2017,basic,Laptop
16,Pate McEwen,41,Male,Indonesia,7/4/2020,premium,Desktop
17,Alonzo Pulteneye,92,Male,Philippines,5/30/2022,basic,Mobile
18,Bartholomeus Burditt,90,Male,Netherlands,10/4/2020,basic,Laptop
19,Marylinda Pickles,60,Female,Malaysia,6/25/2021,premium,Tablet
20,Natassia Chellam,53,Female,Cape Verde,5/24/2021,premium,Laptop
21,Worthington Lawlings,40,Male,Albania,3/3/2020,basic,Mobile
22,Nolana Bodiam,49,Female,China,6/9/2022,premium,Desktop
23,Stesha Falls,38,Genderfluid,Portugal,11/23/2015,premium,Laptop
24,Clyde Backson,78,Male,Peru,9/8/2017,basic,Laptop
25,Christen Every,37,Female,Portugal,10/19/2021,premium,Desktop
26,Adrian McDonogh,81,Female,Thailand,5/14/2017,basic,Desktop
27,Wileen Wye,96,Female,Japan,7/7/2018,premium,Mobile
28,Faye Hesser,91,Female,Brazil,5/28/2020,basic,Tablet
29,Taber Sebrens,41,Male,Equatorial Guinea,10/8/2021,premium,Tablet
30,Kaylyn Sim,47,Female,Indonesia,11/20/2021,premium,Tablet
31,Gwenette Munson,42,Female,Portugal,4/7/2018,premium,Laptop
32,Merell Kalf,53,Male,Thailand,8/18/2017,basic,Laptop
33,Gennifer Horrell,24,Female,Czech Republic,2/17/2018,premium,Tablet
34,Alaine McKeon,63,Female,China,12/2/2020,premium,Tablet
35,Margaretha Klosges,14,Female,United States,7/3/2021,basic,Desktop
36,Alberta Quilter,98,Female,Sweden,12/11/2018,premium,Laptop
37,Matthias McCoveney,12,Male,China,11/1/2019,premium,Tablet
38,Rick Costard,68,Male,Panama,1/19/2017,basic,Tablet
39,Thibaut Bucklan,41,Male,Russia,6/10/2022,premium,Laptop
40,Junia Stovell,79,Female,Indonesia,12/9/2020,premium,Laptop
41,Alis Leming,68,Female,France,9/2/2016,premium,Desktop
42,Stanton Alvarado,52,Polygender,China,12/2/2022,premium,Mobile
43,Oliver Moakes,92,Male,Syria,10/6/2020,basic,Laptop
44,Hugh Turbefield,100,Male,Honduras,4/27/2018,basic,Desktop
45,Allyson Poulton,84,Female,Indonesia,6/12/2016,premium,Desktop
46,Avery Kenington,60,Non-binary,Poland,8/1/2019,premium,Mobile
47,Berty Pole,14,Female,China,1/15/2019,basic,Tablet
48,Ninette Palia,94,Female,Japan,5/7/2019,basic,Tablet
49,Wolf Tschirschky,77,Male,Indonesia,5/19/2015,premium,Desktop
50,Hallie McCombe,32,Female,China,1/27/2023,premium,Tablet
51,Carry Sara,33,Female,China,1/23/2015,basic,Tablet
52,Hymie Denham,22,Male,Indonesia,11/30/2021,basic,Desktop
53,Sam Gronno,40,Male,Tunisia,4/24/2019,premium,Desktop
54,Dyanna Chappelle,18,Female,Cuba,5/28/2021,basic,Laptop
55,Puff Leander,91,Male,Philippines,4/1/2018,basic,Laptop
56,Carny Edmenson,97,Male,China,9/9/2018,premium,Desktop
57,Katrina Quilliam,98,Female,France,4/28/2016,premium,Laptop
58,Kati Tonner,61,Female,Armenia,3/24/2016,premium,Laptop
59,Rick Ruppertz,94,Male,Brazil,7/9/2019,basic,Desktop
60,Carmon Barrell,35,Female,Portugal,12/31/2019,basic,Desktop
61,Laughton Doul,36,Male,Nigeria,11/12/2021,premium,Mobile
62,Vin Gilleon,87,Female,Albania,3/21/2016,premium,Tablet
63,Emerson Sweetnam,66,Male,Honduras,9/28/2021,basic,Tablet
64,Chandra Davisson,62,Female,South Korea,7/20/2020,basic,Tablet
65,Chad Martignon,75,Female,Indonesia,4/26/2020,premium,Tablet
66,Edwin Caswall,60,Male,Sweden,9/17/2018,basic,Desktop
67,Richart Virr,19,Male,Russia,7/3/2022,premium,Tablet
68,Carola Gorrissen,55,Female,Palestinian Territory,3/15/2017,basic,Tablet
69,Thayne Shannon,61,Male,Russia,2/24/2017,basic,Desktop
70,Royce Blampied,39,Male,Portugal,10/22/2016,premium,Mobile
71,Foster D'Antoni,99,Male,China,10/20/2021,premium,Tablet
72,Lavina Van Waadenburg,75,Female,France,2/5/2019,basic,Mobile
73,Alena MacVicar,36,Female,Jamaica,7/3/2015,premium,Desktop
74,Spencer Keddle,38,Male,Albania,4/8/2017,premium,Mobile
75,Brose Stainfield,66,Male,Pakistan,4/30/2017,basic,Desktop
76,Pete McAvaddy,21,Male,Portugal,10/12/2019,basic,Desktop
77,Darby Brennans,95,Male,Armenia,7/11/2019,premium,Laptop
78,Douglass Impey,50,Male,Guatemala,12/4/2020,basic,Mobile
79,Marian Gaynor,24,Female,Philippines,4/30/2015,basic,Tablet
80,Ben Yard,57,Male,Moldova,7/10/2018,premium,Laptop
81,Taite Otley,48,Male,China,4/16/2018,premium,Tablet
82,Eryn Petrushka,18,Female,Russia,2/20/2019,basic,Laptop
83,Tate Finnimore,60,Female,South Korea,6/2/2022,basic,Tablet
84,Ede Tight,55,Female,United States,7/20/2018,basic,Laptop
85,Allison Wintersgill,61,Female,China,5/10/2016,premium,Laptop
86,Madalyn Jorioz,62,Female,China,2/22/2017,premium,Laptop
87,Raviv Cowderoy,79,Male,Philippines,7/11/2018,premium,Mobile
88,Alexandro Gatehouse,92,Polygender,Czech Republic,9/21/2017,basic,Desktop
89,Florinda Novello,77,Female,China,1/27/2019,premium,Tablet
90,Kincaid Unger,61,Male,Brazil,6/20/2018,premium,Desktop
91,Gabrila Triggel,16,Female,Thailand,8/22/2020,premium,Mobile
92,Preston Shrimptone,46,Male,Indonesia,11/12/2021,premium,Laptop
93,Mikaela Studdeard,73,Female,Brazil,10/3/2020,premium,Tablet
94,Vernice Bubbings,26,Female,Portugal,8/24/2021,basic,Mobile
95,Elihu Beran,83,Male,China,3/7/2018,premium,Laptop
96,Shir Bee,100,Female,China,10/22/2019,premium,Tablet
97,Ninetta Steggals,31,Female,Comoros,4/30/2018,premium,Desktop
98,Trista Robiot,98,Agender,Sierra Leone,2/8/2019,basic,Laptop
99,Ainsley Toward,29,Female,Argentina,8/24/2022,basic,Desktop
100,Skylar Lindell,89,Male,China,6/13/2017,basic,Tablet
101,Fidelia Cawdery,42,Female,China,10/14/2016,premium,Laptop
102,Neila Hedingham,95,Female,Tunisia,7/16/2022,basic,Laptop
103,Neddy Fleeming,65,Male,Mauritius,7/30/2018,premium,Tablet
104,Shelly Burwin,34,Female,Nigeria,9/3/2017,basic,Laptop
105,Johnathon Foffano,88,Male,Czech Republic,10/23/2016,basic,Tablet
106,Crista Yewman,32,Female,Netherlands,12/11/2015,premium,Laptop
107,Shayne Swadden,55,Male,Palestinian Territory,7/20/2020,premium,Tablet
108,Chastity Clausen-Thue,59,Female,Myanmar,10/9/2015,basic,Mobile
109,Constancia McBride,45,Female,Indonesia,1/17/2019,basic,Desktop
110,Beatriz Scedall,25,Female,Norway,2/1/2020,basic,Tablet
111,Buffy Lea,78,Female,France,2/18/2019,premium,Laptop
112,Wesley Hammill,85,Male,Dominican Republic,9/30/2015,premium,Desktop
113,Delinda Kleeborn,39,Female,Sweden,11/28/2017,premium,Tablet
114,Laraine Toor,66,Female,Greece,11/30/2016,premium,Desktop
115,Catriona Tollet,72,Female,Ukraine,10/31/2015,basic,Mobile
116,June Elcoux,24,Female,Philippines,10/18/2021,premium,Laptop
117,Coreen Casina,41,Female,Russia,4/12/2022,basic,Tablet
118,Augustine Madgwich,32,Male,Czech Republic,11/7/2019,premium,Desktop
119,Janos Keetch,14,Male,United States,3/3/2018,basic,Laptop
120,Alicea Rivelon,55,Female,China,12/20/2015,basic,Laptop
121,Andrei Seden,63,Female,Poland,5/29/2019,premium,Tablet
122,Annie Bedder,31,Female,Russia,2/18/2022,premium,Laptop
123,Mitchell Constance,85,Male,Ukraine,2/9/2023,basic,Desktop
124,Olly Baswall,40,Male,China,8/13/2021,premium,Laptop
125,Kiel Rockwill,68,Polygender,Ukraine,7/7/2017,premium,Tablet
126,Jozef Willden,63,Male,Albania,3/20/2020,basic,Laptop
127,Cos Oakes,25,Male,Norway,12/5/2015,premium,Tablet
128,Micheal Castledine,72,Male,Iran,3/13/2022,basic,Desktop
129,Anthiathia Behrend,84,Female,New Zealand,4/28/2021,basic,Desktop
130,Fidole Olivo,77,Male,Pakistan,11/28/2016,basic,Mobile
131,Isak Morrott,19,Male,Brazil,3/13/2023,basic,Laptop
132,Andie Arnley,31,Female,Portugal,11/7/2018,basic,Mobile
133,Agace Gayton,75,Female,Tanzania,5/1/2021,premium,Laptop
134,Thacher Presdie,60,Male,Israel,10/24/2017,basic,Laptop
135,Brockie Lampen,32,Male,Philippines,11/10/2020,premium,Mobile
136,Benson Habberjam,22,Male,Vietnam,12/24/2016,premium,Mobile
137,Harrison Raggett,33,Male,Poland,7/20/2017,premium,Desktop
138,Bran Vales,20,Male,Latvia,11/4/2016,premium,Laptop
139,Hodge Durrad,20,Male,Honduras,5/3/2017,basic,Desktop
140,Boycey Dorie,31,Non-binary,China,4/26/2021,premium,Mobile
141,Adler Birdsall,90,Male,Czech Republic,2/21/2015,premium,Tablet
142,Kellen Beards,49,Female,Macedonia,7/25/2020,basic,Mobile
143,Sara Auden,62,Female,Indonesia,12/30/2015,premium,Desktop
144,Ilysa Bruineman,55,Female,Cuba,10/18/2017,basic,Desktop
145,Zebulen Bliben,31,Male,Malawi,9/5/2017,premium,Laptop
146,Yevette Skelly,31,Female,China,8/30/2021,premium,Tablet
147,Donn Oppy,27,Male,Yemen,7/25/2019,premium,Tablet
148,Montague Besset,91,Male,China,1/28/2021,basic,Mobile
149,Vilma Ogborne,29,Female,Czech Republic,3/3/2016,premium,Desktop
150,Veronique Jensen,44,Female,Poland,3/4/2021,basic,Desktop
151,Nanete Ronchi,21,Non-binary,Vietnam,11/15/2019,premium,Mobile
152,Doloritas Corkett,16,Female,United States,9/28/2019,basic,Mobile
153,Othilie Francescoccio,92,Female,Indonesia,2/25/2020,premium,Mobile
154,Lotte Cleeves,28,Female,Brazil,11/16/2015,premium,Mobile
155,Kelly Wark,62,Male,Norway,4/14/2021,basic,Laptop
156,Anatol Martusov,79,Male,Sweden,11/5/2017,basic,Tablet
157,Tedda Gorcke,54,Female,Sierra Leone,12/27/2020,premium,Laptop
158,Ursula Abazi,20,Female,Vietnam,10/3/2017,premium,Desktop
159,Alaster Helleker,16,Non-binary,China,9/7/2021,basic,Desktop
160,Orin Simm,97,Male,Philippines,4/18/2020,basic,Laptop
161,Berna Richardes,69,Female,China,11/10/2020,premium,Laptop
162,Elfrieda Veall,94,Female,South Korea,7/26/2017,premium,Tablet
163,Alisa Lusgdin,83,Genderfluid,Sweden,9/25/2016,premium,Tablet
164,Pammy Grene,100,Female,Philippines,3/21/2016,premium,Tablet
165,Tildi Crummey,13,Female,Greece,5/8/2020,premium,Laptop
166,Gard Reams,81,Male,Philippines,2/11/2020,premium,Laptop
167,Stavro Tivnan,69,Male,Russia,9/23/2015,premium,Tablet
168,Duane Shardlow,21,Male,Morocco,2/20/2019,premium,Tablet
169,Aindrea Mc Combe,99,Female,Brazil,4/2/2017,basic,Tablet
170,Irene Stanluck,92,Non-binary,Greece,6/23/2015,basic,Tablet
171,Tudor Huckleby,55,Male,China,3/31/2015,basic,Tablet
172,Rahal Scholfield,16,Bigender,Indonesia,8/4/2017,premium,Mobile
173,Brew Syson,66,Male,Poland,6/20/2015,basic,Desktop
174,Cristabel Tuny,90,Female,China,1/30/2018,premium,Tablet
175,Brina Stoyle,100,Female,Philippines,6/26/2020,basic,Desktop
176,Hyacinthe Handasyde,56,Female,Brazil,4/5/2019,basic,Mobile
177,Valeria Exposito,12,Female,Indonesia,1/1/2022,basic,Mobile
178,Erroll Noweak,21,Male,Japan,11/13/2021,premium,Desktop
179,Eloisa Lafford,100,Female,Brazil,10/21/2019,premium,Desktop
180,Abbott Archibald,19,Male,Japan,9/22/2021,premium,Mobile
181,Ganny Kelsow,29,Genderqueer,Niger,7/4/2018,premium,Tablet
182,Fairlie Baldetti,77,Male,China,9/24/2017,premium,Desktop
183,Megen Young,33,Female,Malaysia,5/25/2017,basic,Mobile
184,Leighton Benns,35,Male,Russia,9/25/2019,basic,Mobile
185,Delmor Gecke,54,Male,Afghanistan,1/1/2015,basic,Desktop
186,Salli Dilworth,94,Female,Central African Republic,9/10/2015,premium,Mobile
187,Adriena Lisciandro,65,Female,Croatia,2/17/2020,basic,Mobile
188,Lemuel Riping,16,Genderqueer,Slovenia,8/20/2017,basic,Laptop
189,Vivian Backshell,60,Female,China,4/17/2018,basic,Laptop
190,Dianne Egalton,46,Female,Brazil,4/3/2019,basic,Mobile
191,Wendell Ginnally,32,Male,Czech Republic,7/3/2022,basic,Laptop
192,Carroll McRinn,96,Male,Russia,7/16/2018,basic,Mobile
193,Marjy Duncan,62,Female,Portugal,6/29/2017,basic,Mobile
194,Teresita Kinny,37,Female,Serbia,12/26/2017,basic,Mobile
195,Heloise Pigny,52,Female,China,7/23/2019,basic,Laptop
196,Elladine Battrick,66,Female,Israel,2/6/2020,basic,Desktop
197,Kyle Diggle,50,Male,Russia,12/27/2019,premium,Tablet
198,Fidela Eilhart,19,Female,China,8/2/2019,premium,Tablet
199,Sayer Oxlee,84,Male,France,11/6/2020,basic,Tablet
200,Joel Flye,12,Male,Finland,2/25/2018,premium,Laptop
201,Chrissy Louden,15,Male,Indonesia,1/12/2015,basic,Laptop
202,Tiffy Shipperbottom,99,Female,Indonesia,10/7/2020,premium,Mobile
203,Mitch Wallach,75,Male,Indonesia,8/16/2022,basic,Laptop
204,Kinnie Mundie,16,Male,Philippines,11/9/2019,basic,Laptop
205,Cori Dedmam,73,Male,Peru,9/17/2017,premium,Laptop
206,Kingsly Lavies,35,Male,China,3/13/2019,premium,Mobile
207,Tony Hue,73,Male,China,4/4/2021,premium,Desktop
208,Mordy Fumagalli,34,Male,Indonesia,8/6/2019,premium,Desktop
209,Nanny Coye,17,Female,Jordan,7/18/2016,basic,Laptop
210,Clemens Popplestone,82,Male,Japan,5/30/2017,premium,Tablet
211,Penny Coweuppe,83,Male,Portugal,5/2/2020,basic,Desktop
212,Katharine Sheere,48,Female,Russia,10/15/2020,basic,Mobile
213,Marshal Splain,100,Male,Indonesia,1/8/2019,premium,Tablet
214,Curry Cominetti,81,Male,United States,7/3/2015,basic,Tablet
215,Ivar Vennard,98,Male,Czech Republic,12/12/2017,premium,Laptop
216,Hervey Everleigh,88,Male,China,8/4/2017,premium,Mobile
217,Samuel Cody,60,Male,Lithuania,9/14/2019,premium,Mobile
218,Sydel Roy,52,Female,China,4/5/2018,premium,Mobile
219,Vito Jansie,96,Genderfluid,Japan,3/1/2015,premium,Laptop
220,Shaine Caudell,49,Female,France,12/18/2017,premium,Laptop
221,Gerda Strickland,26,Female,Niger,4/25/2015,basic,Mobile
222,Rubie Windross,66,Female,Netherlands,4/2/2018,premium,Desktop
223,Geoffrey Beavis,86,Male,Philippines,4/27/2019,basic,Laptop
224,Erminie Lazenbury,38,Female,Sweden,11/7/2020,premium,Desktop
225,Marcellus Poulston,34,Male,Malta,12/13/2022,basic,Tablet
226,Andee Andrasch,56,Female,Italy,5/13/2017,premium,Tablet
227,Flor Grigson,65,Female,New Zealand,4/18/2021,basic,Tablet
228,Dar McGooch,24,Male,China,2/12/2023,basic,Tablet
229,Kaylil Hutton,22,Female,Russia,4/13/2019,premium,Desktop
230,Winifred Hovell,79,Female,Thailand,10/11/2021,premium,Tablet
231,Fredericka Lavall,84,Female,China,9/29/2018,premium,Tablet
232,Micheil Carnegie,89,Male,Poland,8/14/2018,premium,Mobile
233,Morty Lawly,98,Male,Ukraine,7/6/2021,basic,Laptop
234,Ellen Stenners,19,Female,China,11/10/2022,basic,Laptop
235,Benton Triggel,12,Male,Russia,11/15/2021,basic,Mobile
236,Reyna Murch,18,Female,Russia,12/21/2018,premium,Laptop
237,Shalom Robertson,33,Male,Russia,6/16/2019,basic,Desktop
238,Hesther Yesenin,57,Female,Japan,1/8/2016,premium,Laptop
239,Fields Gwalter,88,Male,Russia,7/20/2017,premium,Mobile
240,Jana Parker,82,Female,China,3/2/2018,basic,Laptop
241,Maribeth Cargon,94,Female,Indonesia,4/9/2016,basic,Desktop
242,Augustin Blower,82,Male,Portugal,2/28/2020,basic,Laptop
243,Keenan Mucklow,90,Male,Philippines,6/24/2015,premium,Mobile
244,Eli Lettice,69,Male,China,7/4/2022,premium,Tablet
245,Osbourn Gaddes,92,Male,Ecuador,10/3/2021,basic,Mobile
246,Germaine Ferrier,56,Male,Russia,11/2/2018,premium,Tablet
247,Fidelio Pady,78,Male,Croatia,2/19/2022,premium,Laptop
248,Ashbey Ollet,83,Male,Indonesia,5/20/2022,basic,Laptop
249,Egon Cushelly,69,Male,Ukraine,4/23/2017,premium,Mobile
250,Zonda Shawley,24,Bigender,Azerbaijan,4/30/2017,premium,Mobile
251,Carin Grummitt,21,Female,Russia,10/28/2016,premium,Laptop
252,Gavan Arch,35,Male,Brazil,7/12/2017,premium,Laptop
253,Reiko Berndt,65,Female,Philippines,12/3/2015,basic,Laptop
254,Zora Fielding,16,Female,Turkmenistan,12/5/2015,premium,Desktop
255,Nick Tofts,59,Male,Indonesia,1/8/2022,premium,Mobile
256,Elsy Hrinchishin,91,Female,China,7/6/2021,premium,Desktop
257,Gilles Ellams,12,Male,China,4/8/2020,basic,Laptop
258,Dyna Tiery,51,Agender,Japan,2/6/2015,premium,Tablet
259,Nikita Squelch,34,Male,Brazil,7/6/2018,premium,Tablet
260,Tiertza Braidon,93,Female,Russia,12/23/2016,basic,Mobile
261,Goldarina Kernoghan,54,Female,Argentina,6/13/2018,basic,Laptop
262,Dex Laffoley-Lane,58,Male,Poland,6/29/2020,premium,Tablet
263,Clemmy Tithecote,79,Male,Thailand,5/19/2021,premium,Mobile
264,Alessandra Paolo,57,Female,Syria,3/2/2022,basic,Tablet
265,Ester Skewes,84,Female,Indonesia,1/18/2021,basic,Mobile
266,Garek Chappel,99,Male,Portugal,10/21/2022,basic,Mobile
267,Karyn Veregan,32,Female,Indonesia,8/10/2016,basic,Mobile
268,Malorie Headrick,50,Female,Croatia,10/9/2022,basic,Laptop
269,Berkley Niemiec,58,Male,Palestinian Territory,6/9/2020,basic,Desktop
270,Kylie Snowsill,46,Male,Russia,5/30/2021,basic,Laptop
271,Temp Meakin,15,Male,Poland,11/3/2015,premium,Desktop
272,Claudius MacCulloch,35,Male,Kazakhstan,3/15/2022,basic,Desktop
273,Gael Woffenden,13,Male,Pakistan,12/14/2018,basic,Desktop
274,Toddy Gater,51,Male,Yemen,12/2/2015,premium,Mobile
275,Chrystel De Beneditti,28,Female,Ukraine,1/5/2023,basic,Desktop
276,Chelsie Olifard,89,Female,China,9/26/2022,premium,Tablet
277,Niki Greenmon,40,Male,Colombia,10/30/2018,basic,Tablet
278,Laurella Wackley,87,Female,Italy,10/5/2016,basic,Desktop
279,Shauna Baythrop,55,Female,Brazil,9/17/2020,premium,Mobile
280,Emelina Longlands,35,Female,China,9/5/2021,premium,Tablet
281,Kassia Siggens,39,Female,Thailand,5/7/2017,basic,Laptop
282,Beckie Nealy,17,Female,Ivory Coast,10/6/2019,premium,Desktop
283,Danila Anderer,80,Female,China,11/30/2018,premium,Mobile
284,Brody Mixworthy,24,Male,Mexico,7/1/2019,basic,Laptop
285,Cynthea Beminster,55,Bigender,Brazil,9/30/2022,basic,Mobile
286,Emmalee Brandts,66,Female,China,2/24/2020,premium,Mobile
287,Cleveland Rudledge,37,Male,China,5/8/2020,basic,Mobile
288,Rad Beckwith,47,Genderfluid,Poland,2/14/2015,basic,Tablet
289,Bevan Mapholm,47,Bigender,Malaysia,5/16/2018,premium,Laptop
290,Gwenette Scroggs,21,Female,Philippines,4/25/2018,premium,Mobile
291,Reube Delahunt,29,Male,Brazil,9/7/2016,basic,Laptop
292,Dorry Dillaway,53,Female,Brazil,5/14/2022,basic,Tablet
293,Jennee Mingasson,82,Female,Macedonia,9/6/2016,premium,Laptop
294,Radcliffe Armer,76,Male,Russia,4/13/2021,premium,Tablet
295,Murdock Addyman,88,Male,Sweden,6/21/2015,premium,Tablet
296,Mozes Keavy,63,Male,United States,1/12/2015,basic,Desktop
297,Ivy Elkington,64,Female,Indonesia,8/22/2021,basic,Mobile
298,Leonora McGiffie,19,Female,China,5/7/2019,premium,Tablet
299,Mollie Zotto,43,Bigender,Tanzania,11/5/2019,basic,Tablet
300,Martainn Stansbie,33,Male,Israel,10/5/2016,basic,Desktop
301,Bradly Gaine,61,Male,Philippines,4/26/2019,premium,Tablet
302,Izak Crump,70,Male,Sweden,4/9/2018,premium,Laptop
303,Leeanne Bernollet,69,Female,Argentina,5/30/2021,basic,Desktop
304,Libbey Bettesworth,68,Female,Uzbekistan,8/29/2021,premium,Desktop
305,Lilith Ridolfi,70,Female,Philippines,7/11/2016,premium,Tablet
306,Fons Garner,68,Male,Philippines,6/22/2017,premium,Tablet
307,Clerkclaude Elgie,25,Male,China,4/15/2021,basic,Laptop
308,Alvy Woodhams,76,Male,Albania,2/12/2018,premium,Mobile
309,Lancelot Beatson,71,Male,Netherlands,3/2/2021,basic,Tablet
310,Pauly Avramovic,75,Male,Philippines,5/21/2022,premium,Laptop
311,Carolyne Parnham,19,Female,Germany,3/10/2016,premium,Mobile
312,Delmer Pheby,29,Male,Colombia,11/8/2020,basic,Mobile
313,Whitman Ervin,44,Male,Philippines,7/31/2015,premium,Laptop
314,Nataline Edmondson,16,Female,Brazil,3/24/2016,basic,Mobile
315,Irwin Agar,98,Male,Indonesia,3/19/2020,basic,Desktop
316,Ewart McVee,52,Male,Argentina,4/27/2017,premium,Laptop
317,Cordey Sibbert,100,Genderfluid,Philippines,3/27/2018,premium,Tablet
318,Boot Billes,99,Male,China,7/12/2021,basic,Desktop
319,Nicola Surgen,24,Male,Indonesia,4/24/2016,basic,Laptop
320,Herschel Zellick,96,Male,China,12/4/2017,basic,Mobile
321,Caroline Nettleship,54,Female,China,1/21/2017,basic,Laptop
322,Aryn Flewett,87,Female,China,5/18/2017,basic,Mobile
323,Niles Cavet,82,Male,Indonesia,10/24/2016,premium,Laptop
324,Dan Coggin,96,Male,Indonesia,11/8/2020,basic,Desktop
325,Noach Yorkston,72,Male,Portugal,10/31/2017,basic,Laptop
326,Filmer Mossdale,80,Male,China,11/19/2020,premium,Tablet
327,Cyndy Ruffy,94,Female,Indonesia,11/14/2016,premium,Mobile
328,Elden Tubbles,32,Male,China,3/6/2016,basic,Mobile
329,Barrie Whittick,71,Male,Nigeria,5/14/2016,basic,Desktop
330,Siward Sharp,96,Male,United States,6/18/2020,basic,Tablet
331,Katerina Skoggins,40,Genderqueer,Philippines,5/27/2022,basic,Mobile
332,Gordan Fairebrother,31,Male,Sweden,3/3/2017,basic,Mobile
333,Alene Bachanski,52,Female,Russia,9/5/2020,premium,Laptop
334,Raviv Cuel,72,Male,China,4/27/2019,premium,Laptop
335,Zabrina McLuckie,40,Polygender,Netherlands,12/10/2019,premium,Laptop
336,Marlowe Zaple,66,Male,United States,11/4/2018,premium,Desktop
337,Janenna Riggott,47,Female,Poland,10/17/2019,premium,Mobile
338,Alta Noe,43,Genderqueer,Indonesia,9/21/2017,basic,Tablet
339,Nollie Vanyakin,70,Polygender,Panama,6/5/2021,basic,Laptop
340,Dore Adao,53,Female,Philippines,7/5/2015,premium,Laptop
341,Tammi Simanenko,34,Female,Ukraine,12/17/2019,premium,Tablet
342,Darb Marr,54,Male,Macedonia,9/10/2021,basic,Mobile
343,Curr Spottiswood,27,Male,China,4/5/2017,basic,Mobile
344,Raff Dormon,88,Male,Philippines,6/7/2017,premium,Desktop
345,Jasper Sabater,98,Male,Jamaica,12/21/2015,basic,Mobile
346,Millard Lammiman,34,Male,Armenia,4/12/2022,basic,Desktop
347,Stillmann Thomtson,12,Male,Kenya,2/3/2023,basic,Mobile
348,Lorne Schwandermann,39,Male,Philippines,4/6/2020,basic,Desktop
349,Yvette Paramore,33,Female,Indonesia,10/21/2015,basic,Mobile
350,Regen Kohneke,29,Male,South Korea,1/13/2016,basic,Tablet
351,Sam Latch,72,Male,Brazil,8/22/2016,premium,Mobile
352,Rhett Bonny,83,Male,China,6/16/2020,premium,Desktop
353,Elvyn Cleyne,33,Male,Russia,6/25/2017,premium,Laptop
354,Catherine McRannell,41,Female,Russia,1/24/2021,basic,Mobile
355,Skell Budik,99,Male,China,3/18/2018,basic,Laptop
356,Raye Galvin,55,Female,Russia,7/27/2016,premium,Desktop
357,Shurwood O'Skehan,20,Male,Poland,10/24/2017,premium,Tablet
358,Brewster Frensche,96,Male,France,8/18/2015,premium,Tablet
359,Brandais Heake,47,Female,Czech Republic,12/11/2021,premium,Tablet
360,Tally Heel,18,Male,Brazil,3/9/2021,premium,Desktop
361,Michele Wood,65,Male,Albania,5/28/2020,basic,Laptop
362,Temple Mawer,49,Male,Tanzania,6/28/2021,premium,Mobile
363,Jeane Sirett,51,Genderfluid,Sweden,3/18/2015,premium,Desktop
364,Conn Pien,53,Male,France,8/3/2017,basic,Laptop
365,Julissa Wolfit,37,Bigender,Brazil,9/4/2016,basic,Desktop
366,Alley Cleyne,59,Male,Indonesia,3/29/2019,basic,Tablet
367,Antonin Ditter,67,Male,China,9/21/2019,basic,Laptop
368,Datha Siddon,73,Female,Peru,12/11/2016,basic,Laptop
369,Falito Asken,42,Polygender,Canada,7/30/2015,basic,Tablet
370,Nissie Bridson,75,Female,China,4/30/2015,premium,Tablet
371,Zsa zsa Penlington,27,Female,Hungary,12/22/2019,premium,Desktop
372,Stacy Rankine,73,Female,Luxembourg,1/15/2020,premium,Mobile
373,Cathleen Tiebe,43,Female,Canada,1/22/2017,premium,Laptop
374,Jeni Foker,90,Bigender,Portugal,9/30/2020,premium,Mobile
375,Valentina Lilie,13,Female,China,10/3/2021,basic,Tablet
376,Lind Mellmoth,50,Male,Portugal,10/5/2022,premium,Mobile
377,Roshelle Lewisham,56,Female,Indonesia,3/16/2018,premium,Laptop
378,Olympia de Amaya,98,Female,Indonesia,12/21/2017,basic,Mobile
379,Mellisa Brewis,59,Female,France,2/25/2020,premium,Desktop
380,Josephina Caselick,72,Female,China,8/17/2017,premium,Laptop
381,Rhody MacBarron,85,Female,Philippines,4/8/2017,basic,Tablet
382,Shanda Garlette,23,Non-binary,Indonesia,10/23/2017,premium,Desktop
383,Wolf Tinn,63,Male,Argentina,7/3/2016,basic,Mobile
384,Wendall Mearing,77,Male,Morocco,11/2/2022,premium,Tablet
385,Melesa Swabey,15,Female,China,8/11/2022,premium,Laptop
386,Andee Tether,26,Female,Albania,5/20/2022,basic,Desktop
387,Muffin Duran,59,Polygender,Honduras,5/18/2015,premium,Tablet
388,Owen Gotthard,97,Male,China,1/11/2020,premium,Tablet
389,Viviene Brunone,92,Female,Thailand,3/15/2015,basic,Tablet
390,Micaela Menat,64,Female,Ukraine,2/17/2023,basic,Mobile
391,Neda Davidovsky,91,Female,Indonesia,11/14/2019,premium,Tablet
392,Greer Pavolini,48,Female,Japan,5/6/2022,basic,Laptop
393,Xavier Ragdale,76,Male,Vietnam,7/16/2016,premium,Desktop
394,Lionello Cherry,25,Male,Sweden,9/10/2018,premium,Laptop
395,Georgeanna Grzeszczak,65,Female,Croatia,4/25/2016,premium,Laptop
396,Erny Mansion,92,Male,China,2/19/2020,premium,Laptop
397,Wallie O'Hanlon,87,Male,Indonesia,10/15/2016,premium,Laptop
398,Kennedy Hunnawill,18,Male,Finland,12/4/2016,premium,Laptop
399,Demott Obal,84,Male,Azerbaijan,2/27/2023,basic,Desktop
400,Wanids Painter,41,Polygender,Brazil,1/16/2015,premium,Desktop
401,Guillaume Doumenc,61,Male,Chad,9/24/2015,premium,Mobile
402,Brande Crombie,89,Female,United Kingdom,10/13/2019,premium,Tablet
403,Parke Burridge,70,Male,Indonesia,12/20/2020,premium,Laptop
404,Georgette Pidgeley,72,Female,Indonesia,12/9/2020,basic,Laptop
405,Zared Thatcher,48,Male,China,6/1/2020,basic,Tablet
406,Christyna Whiteside,94,Female,Ukraine,11/8/2018,premium,Tablet
407,Karoly Allonby,17,Bigender,France,3/17/2017,premium,Tablet
408,Brendin Dantesia,49,Male,Brazil,3/25/2020,premium,Tablet
409,Mark Chard,70,Male,Brazil,7/30/2020,premium,Desktop
410,Beverley Barnewell,61,Female,Luxembourg,4/9/2016,premium,Mobile
411,Franny Sherwen,60,Female,Peru,2/27/2022,basic,Laptop
412,Sawyer Barnewelle,27,Male,China,11/26/2016,basic,Mobile
413,Chelsy Brookesbie,93,Female,Netherlands,9/15/2017,premium,Mobile
414,Thain O'Dowling,35,Male,Indonesia,2/11/2022,basic,Laptop
415,Fairfax Beldham,26,Male,Thailand,12/2/2020,basic,Desktop
416,Rozele Johnsey,54,Female,Brazil,7/15/2018,premium,Mobile
417,Herc Walter,81,Male,Iran,9/12/2015,premium,Laptop
418,Nikita Patman,89,Male,Saudi Arabia,1/26/2019,premium,Desktop
419,Aldus Hirjak,29,Bigender,France,4/9/2018,premium,Tablet
420,Artair Kincaid,43,Male,China,11/7/2018,premium,Desktop
421,Ulrica Gloves,99,Female,North Korea,2/3/2019,basic,Desktop
422,August Craigmyle,52,Male,China,7/31/2018,basic,Mobile
423,Tuesday Patshull,78,Female,Micronesia,9/30/2017,basic,Tablet
424,Roslyn Rushworth,64,Female,Thailand,8/3/2019,basic,Mobile
425,Caritta Whitefoot,30,Female,France,2/2/2017,basic,Laptop
426,Siward Lynds,97,Male,Belarus,10/9/2018,premium,Mobile
427,Lizzy Hertwell,66,Female,China,12/10/2021,basic,Desktop
428,Gennifer Boick,60,Female,Gabon,11/10/2015,basic,Mobile
429,Milissent Banthorpe,40,Female,Poland,8/8/2020,premium,Mobile
430,Vassily Roset,91,Male,China,9/25/2018,basic,Laptop
431,Jacquelynn Campanelle,37,Female,Poland,3/7/2020,basic,Mobile
432,Dorolisa Mogra,71,Female,Indonesia,10/16/2022,premium,Mobile
433,Helga Halligan,73,Genderfluid,Oman,4/2/2017,premium,Mobile
434,Chloe Scatchar,95,Female,Venezuela,4/14/2022,premium,Mobile
435,Woodrow Drummer,42,Genderfluid,Indonesia,4/1/2017,premium,Mobile
436,Bartholomeus Chasteney,84,Male,China,1/19/2021,basic,Tablet
437,Nonie Donoghue,51,Female,Ethiopia,9/2/2020,premium,Desktop
438,Rosa Dowdam,91,Female,China,11/4/2017,premium,Desktop
439,Zaccaria Brason,86,Male,China,5/20/2020,premium,Mobile
440,Renaldo McMakin,48,Male,Ivory Coast,12/9/2015,basic,Laptop
441,Tyson Siward,92,Male,Portugal,1/22/2020,basic,Laptop
442,Alexandros Hacaud,38,Male,Russia,5/1/2019,premium,Desktop
443,Matthus Honatsch,68,Male,Czech Republic,8/31/2022,premium,Tablet
444,Beatrix Edis,70,Female,Russia,1/8/2021,premium,Desktop
445,Star Upham,73,Female,Russia,11/30/2017,premium,Laptop
446,Barrett Smellie,93,Male,Colombia,1/23/2018,basic,Laptop
447,Bryanty Kealey,97,Agender,China,11/2/2021,premium,Desktop
448,Janette Gudgin,12,Genderqueer,Philippines,2/23/2022,premium,Mobile
449,Blair Oles,84,Male,Iran,12/6/2022,basic,Tablet
450,Krishnah Waple,44,Male,Yemen,4/5/2015,premium,Mobile
451,Jerrie Jecock,28,Male,Indonesia,7/11/2019,basic,Desktop
452,Cathy McOrkill,15,Female,China,11/20/2022,basic,Laptop
453,Harold Reichhardt,50,Male,Portugal,4/23/2019,basic,Tablet
454,Jinny Cowlam,27,Female,Croatia,6/23/2017,premium,Mobile
455,Talbert Salter,12,Male,China,3/12/2020,premium,Desktop
456,Constance Orrey,35,Polygender,Latvia,12/12/2021,basic,Tablet
457,Hurleigh Harker,62,Genderfluid,Indonesia,11/2/2017,basic,Mobile
458,Brooks Westhead,70,Male,China,6/23/2018,basic,Mobile
459,Theodor Swadon,85,Male,Nigeria,11/8/2017,premium,Mobile
460,Linus Adenot,23,Agender,Indonesia,6/5/2015,basic,Desktop
461,Carroll Pittwood,74,Female,Moldova,7/26/2018,premium,Tablet
462,Staford Bentham,53,Male,Thailand,7/12/2020,basic,Mobile
463,Alick Finding,68,Male,Tunisia,5/19/2020,basic,Tablet
464,Mathew Lauridsen,32,Male,Sweden,5/15/2021,basic,Laptop
465,Karleen Housecroft,56,Non-binary,Russia,10/15/2017,basic,Desktop
466,Andy Whife,51,Male,Russia,7/17/2018,basic,Tablet
467,Raina Fullun,62,Female,Kyrgyzstan,10/4/2020,basic,Laptop
468,Walsh Gwyn,60,Male,China,9/1/2019,premium,Laptop
469,Martin Burrel,74,Male,China,6/18/2020,basic,Desktop
470,Wolfy Gallear,72,Male,Chile,3/20/2021,premium,Tablet
471,Faber Kmieciak,15,Male,China,4/20/2019,premium,Desktop
472,Jere Colegrove,54,Male,Sweden,9/12/2019,premium,Desktop
473,Ches Aitchinson,27,Male,China,2/27/2021,premium,Mobile
474,Karleen Timby,60,Agender,Mali,8/28/2019,basic,Tablet
475,Dion Feares,15,Male,Kenya,8/25/2020,basic,Tablet
476,Francisco Anthonies,98,Male,Vanuatu,7/20/2019,basic,Laptop
477,Dory Paskin,73,Female,Russia,11/14/2016,premium,Tablet
478,Tomaso Rizzillo,93,Male,Indonesia,7/28/2017,premium,Mobile
479,Ewan Frunks,25,Male,Indonesia,11/28/2020,premium,Mobile
480,Joane McInnes,51,Female,China,4/9/2019,premium,Tablet
481,Shanie Dalgety,53,Female,Peru,10/31/2020,basic,Tablet
482,Lynsey Klaussen,68,Genderqueer,Brazil,1/10/2021,premium,Tablet
483,Edd Wardell,37,Male,Georgia,2/14/2022,basic,Mobile
484,Andra Milley,35,Female,Czech Republic,10/29/2015,basic,Tablet
485,Bartel Perren,44,Male,Poland,3/8/2023,basic,Mobile
486,Gerladina Milmoe,26,Female,Azerbaijan,12/18/2020,basic,Laptop
487,Harriett Hallums,87,Genderqueer,Argentina,9/11/2018,premium,Tablet
488,Keir Livick,91,Male,Russia,7/30/2020,premium,Mobile
489,Lotta Tremollet,27,Polygender,Philippines,6/25/2015,premium,Mobile
490,Margareta Haithwaite,15,Female,Sweden,4/10/2015,premium,Laptop
491,Trevar Yetton,59,Male,Poland,2/18/2019,premium,Desktop
492,Rori Ballendine,28,Female,Myanmar,7/19/2017,premium,Tablet
493,Frasco Radwell,20,Male,Ukraine,12/22/2016,premium,Mobile
494,Chrissie Byrom,43,Female,China,12/9/2019,basic,Mobile
495,Giles Kislingbury,33,Male,Philippines,6/20/2021,basic,Desktop
496,Barri Frere,45,Male,China,12/19/2015,premium,Desktop
497,Marvin Errichi,85,Male,Philippines,2/16/2017,premium,Laptop
498,Cull Meaney,87,Male,Sweden,3/11/2015,basic,Laptop
499,Nickolai Reekie,76,Male,Guatemala,10/15/2016,premium,Desktop
500,Murdock Tinsley,71,Genderfluid,Sweden,1/19/2016,basic,Desktop
501,Lettie Digger,62,Female,Afghanistan,5/31/2017,basic,Tablet
502,Galen Labden,64,Male,Mongolia,10/30/2016,basic,Mobile
503,Percival Monelli,88,Male,Bhutan,11/25/2022,premium,Desktop
504,Jody Leinweber,48,Male,Indonesia,4/11/2019,premium,Tablet
505,Liva Biaggi,30,Non-binary,Colombia,10/22/2019,basic,Mobile
506,Morna Griss,37,Female,China,4/20/2016,basic,Desktop
507,Ingra Morgans,88,Male,Myanmar,3/5/2016,premium,Laptop
508,Matilde Shout,81,Female,Philippines,8/13/2022,basic,Laptop
509,Arlin Igonet,70,Male,Philippines,12/29/2016,premium,Mobile
510,Page Voas,99,Male,China,9/7/2022,premium,Mobile
511,Dotti Dorsett,53,Female,Thailand,6/29/2020,premium,Mobile
512,Chaim Cleare,53,Male,Indonesia,9/22/2018,premium,Tablet
513,Mag Moyne,66,Female,Argentina,5/11/2022,premium,Laptop
514,Hi De Antoni,15,Agender,Indonesia,6/16/2019,basic,Desktop
515,Ange Shillabeare,39,Male,Guatemala,12/3/2020,premium,Desktop
516,Vince D'Avaux,28,Agender,Indonesia,7/31/2015,basic,Laptop
517,Colan Byrth,14,Male,China,4/9/2018,basic,Laptop
518,Doug Broggini,40,Male,Brazil,3/16/2016,premium,Laptop
519,Carr Coviello,65,Male,Colombia,9/11/2018,premium,Mobile
520,Norina Baggallay,46,Female,Russia,9/28/2021,premium,Laptop
521,Irwinn Maypowder,18,Male,Bolivia,10/10/2019,basic,Mobile
522,Emili Danielczyk,25,Female,Sweden,12/29/2018,basic,Desktop
523,Adham Hammerstone,25,Genderqueer,Sweden,2/13/2023,premium,Tablet
524,Ethelbert Priddis,64,Male,Qatar,3/31/2020,basic,Desktop
525,Eileen Gaskill,44,Female,Cameroon,6/22/2022,premium,Desktop
526,Lynnell Rafferty,27,Female,United States,2/4/2021,premium,Mobile
527,Hannis Rainger,26,Female,Kenya,5/10/2021,basic,Desktop
528,Clarissa Fruish,18,Female,Philippines,2/2/2021,basic,Desktop
529,Anny Gilluley,87,Female,China,1/7/2017,premium,Mobile
530,Dick McKinlay,30,Male,China,5/4/2020,basic,Tablet
531,Lizbeth Freed,71,Female,Guatemala,2/10/2017,basic,Desktop
532,Wendell Shepard,37,Male,Bosnia and Herzegovina,5/18/2018,basic,Tablet
533,Earvin Lintott,77,Male,Honduras,4/21/2020,premium,Mobile
534,Gaylene Brailsford,86,Female,Sweden,5/1/2017,premium,Tablet
535,Jose Flaonier,15,Bigender,Bosnia and Herzegovina,5/15/2015,premium,Mobile
536,Jone Tingle,94,Male,Thailand,3/6/2020,premium,Tablet
537,Marybeth Burnie,76,Female,Indonesia,10/26/2016,premium,Mobile
538,Erskine Guidoni,76,Male,Poland,12/11/2015,basic,Tablet
539,Ernesta Slyde,35,Female,Canada,3/15/2017,premium,Mobile
540,Zsazsa Limprecht,21,Bigender,Nigeria,1/2/2020,premium,Desktop
541,Roscoe Roston,36,Male,Thailand,1/27/2022,basic,Mobile
542,Arman Trevna,15,Male,Netherlands,5/2/2017,premium,Laptop
543,Bambie Bown,66,Female,Egypt,6/9/2016,basic,Laptop
544,Tani Underdown,23,Female,Philippines,7/2/2018,basic,Desktop
545,Fowler Raithbie,71,Male,Uganda,2/2/2015,basic,Laptop
546,Sigismondo Fosten,42,Male,Bosnia and Herzegovina,5/20/2017,basic,Tablet
547,Roseanna Thayre,66,Female,China,6/13/2015,basic,Desktop
548,Everard Springett,82,Male,Iran,3/27/2015,basic,Desktop
549,Stewart Brosh,35,Male,Ukraine,3/22/2017,basic,Laptop
550,Lexis Wellum,38,Female,Ireland,12/20/2018,premium,Mobile
551,Adelaida Ferronier,45,Female,France,7/6/2018,premium,Tablet
552,Symon Aidler,55,Male,Ireland,1/30/2020,premium,Laptop
553,Leanora Beany,38,Polygender,Russia,5/15/2015,premium,Laptop
554,Regina Delion,19,Female,Democratic Republic of the Congo,9/6/2022,premium,Desktop
555,Gregoor Eustis,53,Male,Russia,6/6/2019,premium,Laptop
556,Felizio Malletratt,45,Male,Pakistan,2/11/2016,basic,Tablet
557,Kiah Kryzhov,96,Female,Madagascar,5/31/2017,basic,Mobile
558,Lynelle Deshorts,12,Female,Malaysia,1/3/2023,basic,Tablet
559,Cymbre Hanna,75,Female,Venezuela,1/13/2020,basic,Laptop
560,Duke Reay,59,Male,Indonesia,9/26/2017,basic,Laptop
561,Glory Sellstrom,42,Female,Russia,3/4/2019,basic,Desktop
562,Marion Lenoir,63,Male,China,6/28/2022,premium,Laptop
563,Brit Joselson,51,Male,Indonesia,9/8/2017,premium,Mobile
564,Tonia Andreas,68,Female,Portugal,4/23/2017,premium,Tablet
565,Samson Luipold,94,Male,Portugal,5/11/2018,premium,Laptop
566,Gavin Nequest,63,Male,Serbia,6/14/2018,basic,Mobile
567,Nestor Trask,24,Male,Czech Republic,9/7/2022,basic,Tablet
568,Fabiano Orbon,61,Male,Sweden,1/31/2015,basic,Tablet
569,Willey Perkins,22,Male,Sweden,10/11/2022,basic,Desktop
570,Judd Ninotti,42,Male,Nigeria,11/15/2020,premium,Laptop
571,Loria Carnock,87,Female,Indonesia,4/3/2015,premium,Mobile
572,Curcio Arkwright,51,Male,Indonesia,10/28/2016,basic,Desktop
573,Doe Northey,93,Female,Jamaica,10/21/2022,basic,Mobile
574,Boot Winship,62,Male,Morocco,4/11/2022,premium,Mobile
575,Orelia MacGibbon,49,Female,Russia,1/25/2021,basic,Laptop
576,Gilda Daber,48,Female,Philippines,4/30/2015,premium,Laptop
577,Debra Baike,95,Female,Ethiopia,5/23/2020,basic,Laptop
578,Gwennie Shovel,17,Female,Philippines,10/21/2017,basic,Laptop
579,Kristan Oehm,48,Polygender,China,7/19/2017,premium,Mobile
580,Selby Laverock,57,Male,China,12/11/2015,basic,Tablet
581,Kerby Brumfield,61,Male,Bulgaria,8/9/2022,basic,Mobile
582,Marcellina Flamank,94,Non-binary,China,4/15/2022,premium,Desktop
583,Carolus Dewdney,29,Male,Chile,1/2/2019,basic,Laptop
584,Verge Deverille,68,Male,Russia,3/28/2021,basic,Tablet
585,Janetta Littlekit,83,Female,Thailand,6/25/2016,premium,Laptop
586,Stormy Brands,45,Female,United Arab Emirates,12/9/2015,premium,Mobile
587,Fran Maruska,52,Male,Russia,9/16/2018,premium,Mobile
588,Emmit Coneau,47,Male,South Sudan,3/20/2022,premium,Desktop
589,Torin Siemantel,59,Male,Kazakhstan,2/4/2023,premium,Mobile
590,Aidan Liver,66,Female,Brazil,4/24/2022,premium,Desktop
591,Jacinthe Colchett,23,Female,China,4/28/2020,basic,Desktop
592,Paulita Duckerin,73,Genderqueer,Thailand,2/5/2015,basic,Laptop
593,Wilmar Conquest,64,Male,China,11/30/2020,basic,Tablet
594,Drake Chopin,47,Male,Poland,6/28/2015,premium,Laptop
595,Vania Stratley,57,Female,Syria,12/20/2020,basic,Tablet
596,Dayle Brinklow,57,Female,Indonesia,6/28/2017,premium,Desktop
597,Nichols Grundle,33,Male,Sweden,5/9/2015,premium,Mobile
598,Morena Rizziello,80,Female,Azerbaijan,2/6/2020,premium,Tablet
599,Jerrilee Woodham,47,Female,China,11/17/2020,basic,Tablet
600,Chauncey Exrol,32,Male,Azerbaijan,2/1/2022,basic,Tablet
601,Lukas Baugh,41,Male,Indonesia,7/21/2015,premium,Mobile
602,Rica Jurgenson,99,Female,Philippines,11/1/2015,basic,Tablet
603,Mirilla Merricks,82,Female,France,12/16/2019,premium,Laptop
604,Sollie Blues,47,Male,Philippines,10/10/2020,basic,Tablet
605,Chandra Golt,97,Female,Colombia,10/15/2022,basic,Laptop
606,Weidar Malkie,91,Male,Thailand,4/4/2019,basic,Tablet
607,Denney Beevens,50,Male,Brazil,2/12/2016,premium,Tablet
608,Scarlet Iorns,29,Female,Bosnia and Herzegovina,7/19/2015,premium,Laptop
609,Jaimie Edyson,25,Female,China,10/10/2015,basic,Mobile
610,Ursola Grave,97,Female,Russia,5/13/2017,basic,Tablet
611,Enos Klimushev,71,Male,Russia,10/19/2017,premium,Desktop
612,Cristi Coston,89,Female,Indonesia,9/14/2020,premium,Laptop
613,Yoko Mowday,46,Female,Indonesia,6/4/2020,premium,Tablet
614,Cross Platfoot,25,Male,Guyana,4/6/2021,basic,Laptop
615,Milena Bumfrey,21,Female,China,12/24/2017,premium,Mobile
616,Andreas Moyers,28,Male,Greece,10/11/2019,premium,Mobile
617,Teri Barme,23,Female,Indonesia,11/1/2018,premium,Desktop
618,Tyler Kleint,49,Male,Greece,5/25/2020,basic,Laptop
619,Gannie Goater,87,Male,Indonesia,1/27/2019,premium,Desktop
620,Alicea Tesmond,75,Non-binary,Russia,9/10/2020,premium,Desktop
621,Ginger Heddy,29,Female,Philippines,12/11/2019,basic,Desktop
622,Laurice Gulley,52,Female,United States,7/1/2017,premium,Tablet
623,Gladys Marcussen,52,Female,Brazil,8/16/2019,premium,Desktop
624,Veronique Audus,22,Female,China,10/28/2018,premium,Tablet
625,Hastings Dengel,73,Male,Gambia,8/8/2022,premium,Desktop
626,Jilly Yardley,43,Female,Indonesia,1/4/2020,basic,Mobile
627,Hurley Trevethan,61,Male,Serbia,3/31/2019,basic,Desktop
628,Kameko Sacher,24,Female,China,5/20/2020,basic,Laptop
629,Debbie Czajkowski,33,Female,Ecuador,3/14/2019,basic,Mobile
630,Loren Phear,37,Male,Russia,11/11/2018,basic,Desktop
631,Rafe Ambroise,78,Male,China,8/9/2021,premium,Mobile
632,Sigvard Temlett,78,Male,Paraguay,10/10/2018,premium,Laptop
633,Benton Hyam,46,Male,Ecuador,8/28/2018,premium,Mobile
634,Howey Jerzak,49,Male,Nicaragua,2/2/2015,basic,Mobile
635,Aryn Helstrip,49,Female,China,11/2/2021,premium,Desktop
636,Noell Sapir,64,Female,China,8/22/2018,basic,Tablet
637,Ruddie Everley,47,Male,China,11/25/2019,premium,Desktop
638,Guilbert Yeldham,29,Male,China,8/9/2020,premium,Mobile
639,Mitzi Eversley,50,Female,Czech Republic,10/14/2020,basic,Laptop
640,Rickard Snedden,55,Male,Mexico,4/2/2017,basic,Mobile
641,Delmore Rosenbarg,84,Male,Sweden,3/15/2017,premium,Laptop
642,Weber Feldmesser,61,Male,China,9/21/2017,basic,Laptop
643,Marve Wayt,57,Male,Poland,1/19/2023,basic,Desktop
644,Laina Meece,48,Female,China,5/17/2022,basic,Desktop
645,Griz Freemantle,88,Male,Azerbaijan,7/30/2017,basic,Desktop
646,Bryce Burdin,99,Male,Indonesia,12/28/2016,basic,Desktop
647,Calypso Yashanov,57,Female,Indonesia,3/12/2021,premium,Desktop
648,Davie Langworthy,79,Bigender,Samoa,12/18/2020,basic,Desktop
649,Elijah Burlingame,83,Male,Portugal,7/9/2020,basic,Desktop
650,Indira Daniells,60,Female,Ukraine,6/21/2017,basic,Tablet
651,Alfy Scardafield,64,Female,Philippines,10/23/2021,premium,Laptop
652,Eddie Sperry,31,Male,Indonesia,1/14/2022,premium,Laptop
653,Tobiah Issacoff,52,Male,China,11/28/2019,premium,Laptop
654,Abbye Povele,61,Female,China,11/28/2017,premium,Tablet
655,Lilas Tabbernor,100,Female,Malaysia,3/25/2017,basic,Laptop
656,Boy Messenbird,63,Male,Chad,2/15/2015,basic,Tablet
657,Dionis Seymer,71,Female,Russia,10/19/2020,premium,Tablet
658,Ilise Rylatt,50,Female,Indonesia,1/24/2017,basic,Laptop
659,Sheri Paike,21,Female,Indonesia,10/2/2020,basic,Mobile
660,Car Tome,100,Male,Brazil,9/6/2019,basic,Desktop
661,Ekaterina Halwell,27,Non-binary,Poland,10/22/2022,premium,Desktop
662,Tamqrah De Vuyst,77,Female,Brazil,4/30/2022,basic,Tablet
663,Maureene Karpeev,99,Female,Russia,7/9/2022,premium,Mobile
664,Madelena Croix,79,Genderfluid,Democratic Republic of the Congo,10/6/2019,premium,Laptop
665,Anita Firby,90,Female,China,3/21/2019,premium,Mobile
666,Gail Blackmore,75,Female,Czech Republic,5/26/2021,premium,Laptop
667,Reidar Vasyanin,43,Male,China,4/21/2021,basic,Desktop
668,Meriel Palke,13,Female,Colombia,12/12/2022,premium,Desktop
669,Tally Seckom,12,Male,France,10/31/2015,premium,Laptop
670,Garrick Gooders,43,Male,China,10/9/2018,premium,Desktop
671,Binky Chetwin,66,Genderfluid,Indonesia,7/2/2019,premium,Laptop
672,Lea Olech,35,Female,China,11/16/2019,premium,Mobile
673,Daveta Glazier,55,Female,Pakistan,10/13/2020,premium,Mobile
674,Marietta Drinkel,59,Male,China,2/21/2022,basic,Tablet
675,Zaria Maris,45,Female,Indonesia,2/1/2015,premium,Tablet
676,Shalom Blest,100,Male,China,7/23/2021,premium,Mobile
677,Sofie Witson,96,Female,Philippines,9/24/2021,premium,Laptop
678,Johan Stickel,52,Male,United States,10/1/2016,premium,Laptop
679,Marvin Beadell,29,Bigender,Slovenia,5/24/2018,basic,Tablet
680,Arliene Emerson,22,Female,China,7/13/2022,basic,Laptop
681,Virginie Allott,22,Female,France,7/11/2015,basic,Tablet
682,Estella Snugg,65,Female,Portugal,2/5/2017,premium,Desktop
683,Dniren Jardine,28,Female,Morocco,7/18/2021,premium,Tablet
684,Yul Seppey,24,Male,Portugal,2/29/2016,basic,Mobile
685,Isiahi Dumingo,78,Male,Brazil,12/23/2016,premium,Desktop
686,Nelie Turbern,100,Female,Germany,1/24/2023,basic,Mobile
687,Hana Paquet,78,Female,China,11/2/2015,basic,Laptop
688,Dolorita Mabley,97,Female,Finland,6/5/2018,premium,Tablet
689,Aile Meadowcroft,85,Female,Chad,7/5/2021,premium,Mobile
690,Lorie Martinie,80,Female,Dominican Republic,2/19/2018,basic,Desktop
691,Dmitri Sloy,93,Male,Sweden,9/22/2016,basic,Tablet
692,Demetri Halfhyde,34,Male,Honduras,12/9/2021,premium,Mobile
693,Agnese Gergus,43,Female,Croatia,9/3/2018,premium,Mobile
694,Rand Pankettman,45,Agender,New Zealand,11/30/2016,premium,Mobile
695,Stephen Calleja,31,Male,Bulgaria,6/4/2020,premium,Desktop
696,Bald Luckcock,51,Male,Azerbaijan,5/28/2019,basic,Mobile
697,Clevey Cameron,81,Male,Kazakhstan,11/5/2021,basic,Mobile
698,Jennee Berick,48,Female,Japan,7/6/2015,premium,Tablet
699,Rosabella Neil,16,Non-binary,Canada,12/1/2018,basic,Desktop
700,Kaja Hendricks,68,Female,Mexico,1/18/2015,premium,Tablet
701,Basilius Ivain,77,Male,Poland,5/31/2015,basic,Mobile
702,Genvieve Keenleyside,54,Female,Yemen,1/26/2022,premium,Mobile
703,Helen-elizabeth Edwardson,30,Female,Guatemala,8/8/2016,premium,Mobile
704,Mada Botting,99,Female,Sweden,6/28/2016,basic,Laptop
705,Fifine Beran,76,Female,Portugal,10/29/2021,premium,Laptop
706,Samantha Heatlie,73,Female,Serbia,4/2/2021,premium,Mobile
707,Germaine Huggin,76,Male,Philippines,3/25/2018,basic,Laptop
708,Juana Fawlo,19,Female,Bosnia and Herzegovina,3/8/2022,premium,Desktop
709,Timofei Harlock,46,Male,Indonesia,4/21/2015,premium,Mobile
710,Madelin Pinney,98,Female,Poland,1/5/2018,basic,Laptop
711,Meg Jirieck,72,Female,Senegal,10/29/2018,premium,Tablet
712,Modestine Brimblecombe,15,Female,Denmark,7/7/2019,premium,Laptop
713,Toddie Gordon-Giles,41,Male,Indonesia,12/17/2016,basic,Desktop
714,Jessamine McCulley,18,Female,Russia,11/16/2020,basic,Tablet
715,Sheridan Hardin,48,Male,Sweden,9/15/2019,premium,Laptop
716,Harwell Draye,59,Male,China,9/10/2016,premium,Desktop
717,Rozanna Acock,31,Female,South Africa,9/12/2022,basic,Desktop
718,Bennie MacFarlan,41,Female,Lesotho,8/20/2021,premium,Laptop
719,Russ Lehrahan,81,Male,China,2/19/2019,premium,Tablet
720,Kriste Fennelow,14,Female,Philippines,9/5/2016,basic,Laptop
721,James Minget,77,Male,Morocco,5/19/2021,premium,Tablet
722,Ronnie Tuckwood,40,Male,Portugal,7/30/2022,basic,Mobile
723,Angel Gillyatt,81,Agender,China,6/17/2017,premium,Laptop
724,Foss Alebrooke,49,Male,China,12/7/2017,basic,Laptop
725,Riki Odby,75,Female,Portugal,5/3/2019,premium,Tablet
726,Franzen Greatex,39,Agender,China,6/7/2015,premium,Desktop
727,Munmro Romaines,36,Male,United States,4/15/2020,basic,Desktop
728,Tamar Huxster,71,Female,Canada,1/9/2016,premium,Desktop
729,Zarah Jodkowski,84,Female,Australia,4/3/2019,basic,Tablet
730,Massimo Darmody,26,Male,Russia,2/26/2019,basic,Laptop
731,Jerrome Greatbank,12,Male,Indonesia,1/14/2019,premium,Laptop
732,Grantham Cronchey,48,Male,Japan,11/12/2021,basic,Tablet
733,Joanne Pelman,28,Female,China,2/23/2022,premium,Mobile
734,Dionis Kerwick,76,Genderqueer,Japan,7/28/2018,premium,Mobile
735,Costanza Emsden,35,Female,Vietnam,1/7/2021,premium,Laptop
736,Eba Friese,27,Female,Serbia,7/7/2016,basic,Laptop
737,Rhoda Huzzay,64,Female,Serbia,7/31/2015,premium,Tablet
738,Timofei Boik,48,Male,Indonesia,4/18/2020,basic,Desktop
739,Cob French,78,Male,Portugal,3/28/2017,premium,Mobile
740,Lyman Sutherden,81,Male,Poland,3/28/2016,basic,Desktop
741,Gerard Koppe,23,Male,Peru,7/12/2022,basic,Tablet
742,Candie Schirach,62,Female,China,2/22/2016,basic,Tablet
743,Chery Jeeves,95,Female,Malaysia,4/24/2016,basic,Laptop
744,Marybeth Tirrell,30,Female,Kazakhstan,12/1/2016,basic,Laptop
745,Vernen Yeardley,78,Male,Brazil,2/8/2021,basic,Tablet
746,Elissa Tivnan,61,Female,Indonesia,9/10/2021,basic,Tablet
747,Corby Spinella,16,Male,Portugal,3/10/2015,premium,Desktop
748,Mommy Edsall,29,Female,China,2/9/2016,premium,Desktop
749,Brit McCurtain,65,Non-binary,Canada,3/18/2015,basic,Mobile
750,Thom Lowles,95,Male,China,2/24/2022,premium,Desktop
751,Bud Norkett,76,Male,North Korea,8/7/2018,basic,Desktop
752,Jilli Odam,43,Female,Laos,3/20/2015,basic,Desktop
753,Caterina Camerana,44,Female,Russia,9/1/2019,basic,Desktop
754,Inglis Huban,80,Male,Sweden,12/20/2020,premium,Mobile
755,Fraze Clift,58,Male,Norway,7/4/2017,premium,Tablet
756,Kory Eadmead,66,Male,Indonesia,5/6/2019,premium,Laptop
757,Amaleta Rawlison,21,Female,Brazil,6/24/2015,basic,Laptop
758,Erastus Dyter,60,Male,China,8/28/2016,basic,Desktop
759,Duff Sutliff,79,Male,Indonesia,8/9/2018,basic,Desktop
760,Kamilah Firebrace,78,Female,China,11/3/2020,basic,Mobile
761,D'arcy Hagland,48,Non-binary,Liechtenstein,1/3/2020,basic,Mobile
762,Pennie Tilt,44,Male,Philippines,7/4/2019,premium,Tablet
763,Buddy Bullerwell,88,Male,Indonesia,11/22/2018,basic,Laptop
764,Brianne Sayburn,41,Female,China,6/15/2020,basic,Laptop
765,Mariska Sewards,59,Female,France,4/20/2016,premium,Laptop
766,Tyler Chataignier,98,Male,Italy,1/3/2022,basic,Tablet
767,Steffane Dahler,43,Female,Indonesia,12/29/2016,basic,Tablet
768,Johannah Pidgin,90,Female,China,6/3/2015,premium,Tablet
769,Niko Trengrove,54,Male,Israel,2/6/2015,premium,Mobile
770,Lorry Dunseath,52,Male,Czech Republic,2/25/2022,premium,Tablet
771,Sarina Coyle,76,Female,Luxembourg,4/10/2015,premium,Laptop
772,Lavinia Epps,52,Female,China,6/14/2020,premium,Mobile
773,Tucky Shenton,100,Male,China,9/19/2021,basic,Tablet
774,Niko Gullefant,82,Male,Poland,1/15/2016,premium,Laptop
775,Delainey Laxon,27,Genderfluid,Morocco,3/3/2020,premium,Mobile
776,Paul Northill,100,Male,France,3/24/2016,premium,Laptop
777,Leilah Beric,14,Female,Macedonia,5/1/2018,premium,Mobile
778,Dacia Matteo,24,Female,Syria,8/26/2020,premium,Mobile
779,Horton Lockhurst,28,Male,Morocco,8/20/2019,premium,Tablet
780,Gonzales Huntington,66,Male,France,12/5/2019,basic,Mobile
781,Deni Offener,29,Female,Russia,7/20/2021,premium,Tablet
782,Magdalena Jeacop,18,Genderqueer,Russia,6/30/2018,basic,Laptop
783,Maddy Kibard,95,Female,Indonesia,11/3/2022,premium,Tablet
784,Kalina Howley,91,Female,Botswana,1/28/2015,premium,Desktop
785,Granthem Greder,84,Male,Finland,12/16/2015,premium,Laptop
786,Louisette MacMeanma,86,Female,China,1/12/2023,premium,Laptop
787,Catriona Sanders,46,Female,Sweden,2/26/2023,premium,Laptop
788,Carey Dabner,44,Male,Indonesia,4/15/2016,basic,Desktop
789,Vanna Hulmes,22,Female,Argentina,10/22/2022,premium,Desktop
790,Madlen Redler,59,Female,Indonesia,1/14/2023,premium,Tablet
791,Agace Hudel,97,Female,Philippines,5/18/2021,premium,Laptop
792,Natal Coughlan,17,Male,Honduras,7/23/2018,premium,Desktop
793,Kienan Kuhnhardt,90,Male,Greece,3/13/2016,basic,Tablet
794,Ambur Dibdall,45,Female,France,3/17/2016,basic,Laptop
795,Babb Hebner,77,Female,Kosovo,8/25/2015,premium,Laptop
796,Ilyse Missen,19,Female,China,3/14/2019,premium,Desktop
797,Ferguson Siaskowski,46,Male,Czech Republic,2/11/2017,basic,Desktop
798,Toby MacNeely,67,Female,Central African Republic,7/2/2016,premium,Laptop
799,Jaquith Siemens,36,Female,Cameroon,5/29/2019,premium,Mobile
800,Lorri Robertazzi,91,Female,Egypt,8/1/2015,basic,Mobile
801,Armand Bartosinski,69,Male,Finland,9/20/2018,premium,Mobile
802,Farrel Blackboro,25,Male,China,8/22/2021,basic,Desktop
803,Temple Witchard,64,Male,France,11/10/2018,basic,Desktop
804,Horace Rouke,71,Male,China,12/17/2018,premium,Tablet
805,Celesta Goalley,79,Bigender,United States,2/24/2016,premium,Desktop
806,Ciel Ales0,66,Female,Brazil,7/11/2020,basic,Laptop
807,Brett Naulty,74,Female,France,12/1/2018,premium,Laptop
808,Giulio Westpfel,33,Genderfluid,Azerbaijan,9/25/2015,basic,Laptop
809,Philip Robathon,86,Male,Portugal,6/9/2018,premium,Laptop
810,Connor Jestico,38,Bigender,France,5/13/2021,premium,Laptop
811,Teriann Squier,21,Female,Japan,8/9/2019,basic,Desktop
812,Shirley Chastel,74,Female,China,3/9/2018,basic,Mobile
813,Regine Blitzer,93,Bigender,Czech Republic,11/28/2021,basic,Laptop
814,Graig Legion,25,Male,China,11/4/2021,basic,Desktop
815,Sigismund Ferrao,60,Male,Czech Republic,4/5/2021,premium,Desktop
816,Brittani Raspel,23,Female,Indonesia,8/12/2019,basic,Desktop
817,Amberly Houselee,84,Female,China,2/21/2016,premium,Mobile
818,Horacio Rafferty,92,Polygender,Brazil,12/16/2020,basic,Laptop
819,Royall Snazel,91,Male,China,9/20/2015,basic,Laptop
820,Dav Louthe,14,Male,Peru,4/5/2022,basic,Mobile
821,Catherin Tristram,94,Genderfluid,Nigeria,12/27/2022,premium,Desktop
822,Leonidas Battisson,30,Male,Philippines,3/1/2020,premium,Laptop
823,Tatum Heinschke,90,Female,Nigeria,5/3/2015,premium,Laptop
824,Roanna Cuxon,45,Female,Tuvalu,7/24/2020,basic,Tablet
825,Darcie Hallybone,67,Female,China,8/15/2018,premium,Mobile
826,Perice Swift,97,Genderqueer,Argentina,8/12/2021,premium,Tablet
827,Alli Giddings,33,Female,Indonesia,10/6/2021,premium,Tablet
828,Doy Corkhill,69,Male,Poland,9/9/2021,basic,Tablet
829,Jasper Beldon,39,Male,China,4/20/2016,basic,Laptop
830,Verile Ivetts,80,Female,China,9/19/2016,basic,Tablet
831,Gregorio Hannaford,54,Male,China,1/5/2021,premium,Desktop
832,Dominga Crickmore,100,Female,China,3/31/2020,basic,Desktop
833,Philippe Schimoni,99,Female,Russia,11/13/2018,premium,Laptop
834,Ivor Rosenkrantz,39,Male,Russia,6/19/2015,premium,Laptop
835,Sterne Ulrik,42,Male,China,11/19/2020,premium,Desktop
836,Willy Wrey,85,Male,China,3/3/2018,basic,Desktop
837,Ninnetta Djurkovic,21,Female,Thailand,5/19/2021,basic,Laptop
838,Terencio Hartop,96,Male,Philippines,6/14/2021,basic,Desktop
839,Radcliffe O'Looney,84,Genderqueer,Russia,3/4/2020,premium,Desktop
840,Falkner Wintringham,46,Male,Norway,4/22/2020,basic,Desktop
841,Lorrie Almak,25,Female,China,4/18/2020,premium,Laptop
842,Evita Conechie,30,Female,Peru,11/3/2022,basic,Desktop
843,Valeria Kasman,81,Female,Peru,11/19/2022,basic,Laptop
844,Wakefield Jochens,77,Male,Peru,10/14/2016,premium,Tablet
845,Jeniffer Kebell,84,Female,Malta,10/23/2018,premium,Tablet
846,Carly Clementi,96,Female,Azerbaijan,2/26/2023,premium,Desktop
847,Devonna Lechmere,61,Female,Japan,10/12/2021,premium,Laptop
848,Gabie Wrought,73,Female,Greece,3/18/2016,basic,Mobile
849,Amandie Gosney,33,Female,Indonesia,1/17/2017,basic,Desktop
850,Javier Stilgo,44,Male,Afghanistan,11/20/2022,premium,Laptop
851,Tommy MacKellar,72,Male,Portugal,9/11/2018,basic,Laptop
852,Becka Herrieven,25,Female,Sweden,4/8/2019,premium,Desktop
853,Klarika Edmondson,12,Female,Cuba,10/3/2016,premium,Laptop
854,Hubey Bonnaire,20,Non-binary,Dominican Republic,6/15/2022,basic,Tablet
855,Hugo MacNess,22,Male,Indonesia,12/27/2018,basic,Desktop
856,Catherina Sharple,23,Female,China,7/18/2017,premium,Mobile
857,Ripley Lever,63,Male,Croatia,11/29/2020,premium,Desktop
858,Kingsley De Dei,76,Male,Tunisia,8/7/2019,basic,Laptop
859,Brod Carlisle,87,Male,Thailand,2/24/2021,premium,Tablet
860,Claybourne Rabier,14,Male,Indonesia,8/16/2018,basic,Mobile
861,Brit Luetkemeyers,90,Female,Poland,11/12/2017,premium,Laptop
862,Katusha Cuerda,39,Female,Croatia,2/1/2022,premium,Tablet
863,Yank Arundel,72,Male,Greece,6/1/2021,premium,Tablet
864,Binnie Epine,26,Female,Canada,1/6/2015,basic,Laptop
865,Farand Tedman,68,Female,Albania,4/22/2021,basic,Mobile
866,Beulah Pietsma,22,Female,Indonesia,8/19/2017,premium,Tablet
867,Garey Doudney,60,Male,Dominican Republic,10/13/2015,basic,Laptop
868,Tina Verbeek,93,Female,Poland,9/30/2017,basic,Mobile
869,Nikita Whittick,63,Male,Iran,11/30/2017,premium,Mobile
870,Berk Berkelay,95,Male,China,7/14/2022,basic,Laptop
871,Arielle Haughin,69,Female,China,3/23/2022,basic,Laptop
872,Diandra Crosen,47,Female,Albania,2/1/2020,premium,Mobile
873,Daisi Hollyland,64,Bigender,Sweden,10/5/2015,premium,Laptop
874,Marcella Chaters,31,Female,Poland,7/23/2020,basic,Mobile
875,Timotheus Gabrieli,21,Male,Azerbaijan,11/6/2021,basic,Desktop
876,Roldan Kitchingman,81,Male,Mexico,4/30/2021,basic,Desktop
877,Antony Ridings,89,Male,China,12/30/2019,basic,Laptop
878,Hugibert Bromet,84,Male,France,2/13/2021,basic,Mobile
879,Hadrian Stevenson,19,Male,China,10/20/2020,premium,Mobile
880,Cyrus Vigours,37,Male,South Africa,12/1/2019,premium,Mobile
881,Kiah Slowan,96,Female,Poland,5/7/2019,basic,Laptop
882,Osbert Rawll,50,Male,Serbia,10/24/2020,premium,Desktop
883,Sydney Mealing,68,Male,Lithuania,1/25/2021,basic,Desktop
884,Pierette Dundon,81,Genderfluid,Japan,11/30/2016,basic,Laptop
885,Ronna Saffran,38,Female,Indonesia,7/3/2022,premium,Tablet
886,Luce Trent,63,Non-binary,Poland,1/28/2021,basic,Laptop
887,Jory Hitzke,69,Male,Czech Republic,4/15/2020,premium,Laptop
888,Bren Jinkin,18,Male,Russia,9/22/2017,premium,Laptop
889,Arliene Matskiv,91,Female,Russia,10/19/2016,basic,Desktop
890,Marietta Ramelot,63,Male,Indonesia,11/23/2020,basic,Mobile
891,Harland Pace,89,Male,China,10/17/2022,basic,Desktop
892,Xever Mearing,57,Male,Philippines,3/9/2020,basic,Tablet
893,Georgine Morrill,55,Female,Indonesia,1/14/2016,premium,Laptop
894,Dov Barford,24,Male,Indonesia,11/5/2021,premium,Laptop
895,Walliw Rich,46,Female,Russia,2/6/2022,basic,Desktop
896,Roxi Elger,50,Female,China,4/26/2022,basic,Laptop
897,Ilyse Sweetnam,13,Female,Netherlands,8/23/2018,basic,Desktop
898,Hali Stainton,20,Female,Portugal,2/24/2015,basic,Tablet
899,Riordan Devoy,35,Male,Ireland,5/7/2018,basic,Tablet
900,Rae Philippsohn,97,Female,Japan,5/15/2022,premium,Laptop
901,Gui Verrell,40,Female,Indonesia,8/31/2015,basic,Mobile
902,Cyb Brandts,47,Female,Belarus,1/15/2016,basic,Mobile
903,Sandro Laughtisse,71,Male,Serbia,1/29/2016,basic,Mobile
904,Jeremias Shurey,60,Genderfluid,Uruguay,3/1/2015,basic,Tablet
905,Sharona Hynd,51,Polygender,Poland,1/9/2015,premium,Desktop
906,Norina Ludlem,25,Female,Egypt,3/30/2017,premium,Laptop
907,Dagny Twist,30,Genderqueer,Denmark,5/31/2016,basic,Mobile
908,Tracy Petri,14,Male,Cameroon,11/13/2018,basic,Desktop
909,Miles McFadyen,40,Male,China,9/12/2022,basic,Desktop
910,Tate Crutchfield,30,Female,South Africa,8/21/2021,basic,Laptop
911,Dell Robertacci,75,Male,Croatia,6/16/2015,premium,Laptop
912,Roxi Fitzsimons,35,Female,Indonesia,11/28/2016,basic,Laptop
913,Gabriela Sherwell,40,Female,Philippines,10/13/2017,basic,Tablet
914,Sigvard Ubanks,93,Male,China,5/20/2019,premium,Mobile
915,Vera McLarnon,70,Female,Poland,11/10/2020,premium,Mobile
916,Denise Siddaley,29,Female,Sweden,12/19/2015,premium,Tablet
917,Jimmy Worsfield,48,Male,China,3/10/2019,premium,Desktop
918,Tiff Stadding,15,Female,Czech Republic,11/13/2022,premium,Laptop
919,Doralynn Palmer,73,Female,Philippines,5/12/2015,basic,Mobile
920,Gardner Willmott,53,Male,China,4/23/2020,basic,Laptop
921,Neely Erb,72,Female,Japan,11/16/2022,premium,Mobile
922,Angie Matts,23,Male,Peru,2/16/2020,premium,Mobile
923,Elga Paull,55,Female,Latvia,9/17/2019,basic,Laptop
924,Norean Grosvenor,85,Female,Finland,11/1/2020,basic,Laptop
925,Danyette Meardon,27,Female,Sweden,12/9/2022,premium,Tablet
926,Syd Muckersie,52,Male,Indonesia,11/7/2017,premium,Tablet
927,Sadella Houlridge,82,Female,Brazil,6/6/2018,premium,Tablet
928,Asa Di Biaggi,48,Male,Vietnam,2/10/2022,premium,Desktop
929,Cherilyn Fleischmann,16,Female,Portugal,1/10/2019,premium,Desktop
930,Melania Maciejewski,41,Female,Sweden,11/23/2018,premium,Mobile
931,Ilise McCowan,36,Female,Philippines,10/29/2019,premium,Mobile
932,Annetta Beton,48,Non-binary,Burundi,6/5/2015,premium,Mobile
933,Hussein Loadsman,62,Male,Russia,4/17/2022,premium,Tablet
934,Rhonda Hawkeridge,77,Female,Chile,2/12/2021,premium,Tablet
935,Ebenezer Toun,76,Male,Mexico,10/4/2017,premium,Mobile
936,Julina Puckham,22,Female,Philippines,8/29/2018,basic,Desktop
937,Haydon Mollon,66,Male,Mexico,6/8/2017,premium,Mobile
938,Ellen Akid,61,Female,Republic of the Congo,8/10/2021,premium,Tablet
939,Osborn Giacopelo,15,Male,El Salvador,12/4/2018,basic,Laptop
940,Cull Szreter,30,Male,Croatia,1/27/2019,premium,Desktop
941,Elias Liston,29,Male,Portugal,7/3/2018,basic,Laptop
942,Bibbie Peregrine,18,Female,Indonesia,5/3/2019,basic,Mobile
943,Jermayne Grelka,19,Male,North Korea,3/17/2023,basic,Mobile
944,Courtenay Karlmann,45,Female,Indonesia,8/21/2020,premium,Mobile
945,Carolynn McClymont,92,Female,China,12/4/2021,premium,Laptop
946,Myrtice Hengoed,87,Female,Sweden,4/3/2021,basic,Desktop
947,Tanny Toye,85,Male,Russia,3/16/2016,premium,Desktop
948,Bibby Pankethman,71,Female,Tanzania,6/6/2016,basic,Laptop
949,Fiann Perrycost,97,Female,Philippines,10/2/2020,premium,Desktop
950,Nathanial Hembry,47,Male,Kazakhstan,11/12/2020,premium,Mobile
951,Allix Binestead,32,Female,China,8/10/2016,premium,Laptop
952,Levon Friskey,15,Male,Philippines,8/3/2020,premium,Tablet
953,Florry Joslyn,35,Female,Philippines,1/26/2023,basic,Mobile
954,Domenico Ickovitz,98,Male,China,12/8/2016,premium,Tablet
955,Ailee Lightowler,57,Female,China,11/30/2018,premium,Mobile
956,Antonina Cannell,58,Female,Poland,8/8/2016,basic,Desktop
957,Matthaeus Dunmore,88,Male,China,5/24/2021,premium,Laptop
958,Wolfie Breckenridge,89,Male,China,1/23/2020,basic,Tablet
959,Sorcha Fortun,19,Female,China,1/28/2017,basic,Tablet
960,Horatius Robiou,79,Male,Ukraine,5/19/2021,premium,Mobile
961,Faith Verdey,80,Female,Brazil,5/21/2020,premium,Laptop
962,Cleavland Yuryichev,57,Male,China,4/27/2019,premium,Tablet
963,Harlin Jewise,80,Male,Bosnia and Herzegovina,9/26/2017,basic,Desktop
964,Stanton Shepard,32,Male,Costa Rica,11/27/2021,basic,Mobile
965,Belle Forward,78,Female,Philippines,5/12/2019,basic,Laptop
966,Ariella Garlic,42,Female,Sweden,6/2/2022,premium,Desktop
967,Hayward Constantinou,97,Male,China,2/21/2020,basic,Desktop
968,Chariot Gavan,27,Male,Indonesia,12/3/2016,premium,Mobile
969,Klemens Simkiss,64,Male,China,11/11/2021,premium,Mobile
970,Cally Utridge,92,Female,Czech Republic,2/23/2016,basic,Mobile
971,Penny Croce,82,Female,Indonesia,3/9/2016,basic,Mobile
972,Dianna Donalson,69,Polygender,Indonesia,5/27/2021,basic,Tablet
973,Aldon Venus,54,Male,China,10/23/2022,premium,Laptop
974,Husein Blankhorn,30,Male,China,7/16/2021,premium,Mobile
975,Marsha Sobey,77,Female,China,2/15/2016,basic,Laptop
976,Gwyn Rylett,84,Female,Ecuador,9/15/2021,basic,Laptop
977,Mort Rate,67,Male,Paraguay,6/10/2016,premium,Desktop
978,Rosco Kochl,59,Male,China,10/30/2015,basic,Mobile
979,Burg Binley,74,Male,Czech Republic,10/24/2016,premium,Mobile
980,Ruthi Coventon,14,Female,China,6/19/2018,premium,Laptop
981,Georges Bough,98,Male,Philippines,3/19/2018,basic,Desktop
982,Genni Lanfere,61,Female,Thailand,2/8/2015,premium,Desktop
983,Giorgio McCard,59,Male,Honduras,10/16/2022,premium,Desktop
984,Jens O'Bradane,91,Male,China,9/28/2017,premium,Desktop
985,Falkner Littrick,68,Genderqueer,China,2/4/2022,basic,Tablet
986,Mehetabel Cockcroft,97,Female,Indonesia,11/26/2019,premium,Desktop
987,Keely Charpling,52,Female,China,1/27/2021,basic,Mobile
988,Donna Pawelczyk,52,Female,China,12/12/2017,basic,Desktop
989,Meghan Rishman,13,Female,China,3/25/2017,basic,Tablet
990,Kimball Whetland,68,Male,Peru,6/12/2022,premium,Tablet
991,Coreen Saurin,66,Female,Indonesia,2/2/2021,premium,Laptop
992,Alexa Dyerson,43,Bigender,Japan,7/5/2020,premium,Desktop
993,Rosaline McCarlie,38,Female,Philippines,11/16/2018,basic,Tablet
994,Brigg Scopham,47,Agender,Sweden,7/5/2021,premium,Mobile
995,Alano Summerrell,94,Male,China,11/6/2021,basic,Mobile
996,Wallis Zupo,86,Male,China,4/4/2022,premium,Tablet
997,Tatiania Wozencraft,81,Female,Mongolia,4/20/2019,basic,Tablet
998,Barnaby Moring,13,Male,China,9/14/2020,basic,Desktop
999,Dolores Bloxholm,77,Female,Ireland,5/22/2017,premium,Tablet
1000,Gabriello Halpin,83,Male,China,4/7/2020,basic,Tablet
